month,supplierID,supplierName,total_gross_revenue
1997-01-01,28,Gai pâturage,5915.200000
1997-09-01,28,Gai pâturage,5143.500000
1997-04-01,28,Gai pâturage,3317.400000
1997-06-01,28,Gai pâturage,3113.600000
1996-08-01,28,Gai pâturage,2842.000000
1997-07-01,28,Gai pâturage,8503.500000
1998-02-01,28,Gai pâturage,5490.000000
1996-10-01,28,Gai pâturage,2228.600000
1996-12-01,28,Gai pâturage,2946.080000
1996-09-01,28,Gai pâturage,1430.000000
1997-10-01,28,Gai pâturage,6043.500000
1996-07-01,28,Gai pâturage,5026.000000
1997-02-01,28,Gai pâturage,1584.000000
1998-04-01,28,Gai pâturage,22140.300000
1998-05-01,28,Gai pâturage,63.920000
1998-01-01,28,Gai pâturage,12747.500000
1996-11-01,28,Gai pâturage,3587.680000
1997-03-01,28,Gai pâturage,8760.000000
1997-05-01,28,Gai pâturage,1745.000000
1997-08-01,28,Gai pâturage,1020.000000
1997-11-01,28,Gai pâturage,7091.250000
1997-12-01,28,Gai pâturage,4043.750000
1998-03-01,28,Gai pâturage,3198.400000
1997-02-01,26,Pasta Buttini s.r.l.,2588.800000
1997-06-01,26,Pasta Buttini s.r.l.,3577.000000
1997-01-01,26,Pasta Buttini s.r.l.,3504.000000
1998-01-01,26,Pasta Buttini s.r.l.,5076.250000
1997-12-01,26,Pasta Buttini s.r.l.,3534.000000
1997-09-01,26,Pasta Buttini s.r.l.,2097.600000
1998-02-01,26,Pasta Buttini s.r.l.,1756.100000
1997-04-01,26,Pasta Buttini s.r.l.,5517.600000
1996-08-01,26,Pasta Buttini s.r.l.,31.200000
1996-12-01,26,Pasta Buttini s.r.l.,1018.400000
1998-04-01,26,Pasta Buttini s.r.l.,1886.000000
1997-03-01,26,Pasta Buttini s.r.l.,1337.600000
1996-07-01,26,Pasta Buttini s.r.l.,1063.100000
1997-10-01,26,Pasta Buttini s.r.l.,3003.000000
1996-09-01,26,Pasta Buttini s.r.l.,729.600000
1997-05-01,26,Pasta Buttini s.r.l.,1056.750000
1996-11-01,26,Pasta Buttini s.r.l.,1388.000000
1997-07-01,26,Pasta Buttini s.r.l.,2138.000000
1997-08-01,26,Pasta Buttini s.r.l.,2926.000000
1998-03-01,26,Pasta Buttini s.r.l.,1949.100000
1997-11-01,26,Pasta Buttini s.r.l.,3480.350000
1996-10-01,26,Pasta Buttini s.r.l.,596.160000
1997-07-01,27,Escargots Nouveaux,397.500000
1998-02-01,27,Escargots Nouveaux,532.650000
1997-08-01,27,Escargots Nouveaux,79.500000
1998-04-01,27,Escargots Nouveaux,503.500000
1997-10-01,27,Escargots Nouveaux,417.375000
1998-03-01,27,Escargots Nouveaux,318.000000
1996-10-01,27,Escargots Nouveaux,254.400000
1996-09-01,27,Escargots Nouveaux,286.200000
1996-12-01,27,Escargots Nouveaux,837.400000
1998-01-01,27,Escargots Nouveaux,1073.250000
1997-09-01,27,Escargots Nouveaux,916.900000
1997-05-01,27,Escargots Nouveaux,265.000000
1996-09-01,12,Plutzer Lebensmittelgroßmärkte AG,3454.300000
1998-01-01,12,Plutzer Lebensmittelgroßmärkte AG,6116.904000
1997-11-01,12,Plutzer Lebensmittelgroßmärkte AG,2070.800000
1996-08-01,12,Plutzer Lebensmittelgroßmärkte AG,2816.800000
1997-09-01,12,Plutzer Lebensmittelgroßmärkte AG,8364.965000
1997-04-01,12,Plutzer Lebensmittelgroßmärkte AG,8398.400000
1996-12-01,12,Plutzer Lebensmittelgroßmärkte AG,5146.800000
1998-05-01,12,Plutzer Lebensmittelgroßmärkte AG,5063.485000
1997-07-01,12,Plutzer Lebensmittelgroßmärkte AG,1545.750000
1996-07-01,12,Plutzer Lebensmittelgroßmärkte AG,1270.800000
1997-03-01,12,Plutzer Lebensmittelgroßmärkte AG,3913.280000
1997-05-01,12,Plutzer Lebensmittelgroßmärkte AG,675.200000
1997-01-01,12,Plutzer Lebensmittelgroßmärkte AG,4093.520000
1998-04-01,12,Plutzer Lebensmittelgroßmärkte AG,18156.510000
1998-02-01,12,Plutzer Lebensmittelgroßmärkte AG,21557.322500
1997-12-01,12,Plutzer Lebensmittelgroßmärkte AG,11119.187000
1997-06-01,12,Plutzer Lebensmittelgroßmärkte AG,4094.925000
1996-11-01,12,Plutzer Lebensmittelgroßmärkte AG,6447.600000
1997-08-01,12,Plutzer Lebensmittelgroßmärkte AG,5811.340000
1997-02-01,12,Plutzer Lebensmittelgroßmärkte AG,6477.420000
1996-10-01,12,Plutzer Lebensmittelgroßmärkte AG,2149.600000
1997-10-01,12,Plutzer Lebensmittelgroßmärkte AG,9443.206000
1998-03-01,12,Plutzer Lebensmittelgroßmärkte AG,7184.285000
1998-02-01,22,Zaanse Snoepfabriek,179.550000
1997-04-01,22,Zaanse Snoepfabriek,211.012500
1996-10-01,22,Zaanse Snoepfabriek,97.280000
1997-07-01,22,Zaanse Snoepfabriek,211.350000
1997-02-01,22,Zaanse Snoepfabriek,137.700000
1997-06-01,22,Zaanse Snoepfabriek,237.500000
1997-11-01,22,Zaanse Snoepfabriek,213.750000
1997-09-01,22,Zaanse Snoepfabriek,668.800000
1998-03-01,22,Zaanse Snoepfabriek,465.500000
1997-03-01,22,Zaanse Snoepfabriek,228.000000
1998-01-01,22,Zaanse Snoepfabriek,371.700000
1997-12-01,22,Zaanse Snoepfabriek,285.000000
1997-10-01,22,Zaanse Snoepfabriek,823.750000
1997-01-01,22,Zaanse Snoepfabriek,1195.900000
1998-03-01,1,Exotic Liquids,1349.500000
1997-01-01,1,Exotic Liquids,1801.600000
1997-06-01,1,Exotic Liquids,180.000000
1997-11-01,1,Exotic Liquids,1472.000000
1998-04-01,1,Exotic Liquids,4941.250000
1997-10-01,1,Exotic Liquids,1724.000000
1998-01-01,1,Exotic Liquids,3123.650000
1998-05-01,1,Exotic Liquids,1653.300000
1996-10-01,1,Exotic Liquids,680.960000
1997-04-01,1,Exotic Liquids,804.000000
1997-05-01,1,Exotic Liquids,722.400000
1997-02-01,1,Exotic Liquids,733.400000
1996-09-01,1,Exotic Liquids,896.000000
1996-07-01,1,Exotic Liquids,1444.000000
1997-08-01,1,Exotic Liquids,2524.000000
1998-02-01,1,Exotic Liquids,2607.250000
1996-12-01,1,Exotic Liquids,468.600000
1997-03-01,1,Exotic Liquids,1150.400000
1997-12-01,1,Exotic Liquids,1685.750000
1996-11-01,1,Exotic Liquids,356.400000
1996-08-01,1,Exotic Liquids,1017.600000
1997-07-01,1,Exotic Liquids,852.000000
1997-02-01,13,Nord-Ost-Fisch Handelsgesellschaft mbH,434.700000
1996-07-01,13,Nord-Ost-Fisch Handelsgesellschaft mbH,931.500000
1997-03-01,13,Nord-Ost-Fisch Handelsgesellschaft mbH,165.600000
1997-06-01,13,Nord-Ost-Fisch Handelsgesellschaft mbH,517.800000
1997-08-01,13,Nord-Ost-Fisch Handelsgesellschaft mbH,776.700000
1997-04-01,13,Nord-Ost-Fisch Handelsgesellschaft mbH,414.240000
1996-12-01,13,Nord-Ost-Fisch Handelsgesellschaft mbH,335.340000
1996-10-01,13,Nord-Ost-Fisch Handelsgesellschaft mbH,1047.420000
1996-08-01,13,Nord-Ost-Fisch Handelsgesellschaft mbH,124.200000
1997-11-01,13,Nord-Ost-Fisch Handelsgesellschaft mbH,1553.400000
1997-01-01,13,Nord-Ost-Fisch Handelsgesellschaft mbH,372.600000
1997-09-01,13,Nord-Ost-Fisch Handelsgesellschaft mbH,38.835000
1997-12-01,13,Nord-Ost-Fisch Handelsgesellschaft mbH,796.117500
1998-03-01,13,Nord-Ost-Fisch Handelsgesellschaft mbH,802.590000
1997-05-01,13,Nord-Ost-Fisch Handelsgesellschaft mbH,906.150000
1997-10-01,13,Nord-Ost-Fisch Handelsgesellschaft mbH,58.252500
1998-05-01,13,Nord-Ost-Fisch Handelsgesellschaft mbH,77.670000
1998-02-01,13,Nord-Ost-Fisch Handelsgesellschaft mbH,2983.822500
1996-09-01,13,Nord-Ost-Fisch Handelsgesellschaft mbH,207.000000
1998-01-01,13,Nord-Ost-Fisch Handelsgesellschaft mbH,491.910000
1998-04-01,13,Nord-Ost-Fisch Handelsgesellschaft mbH,388.350000
1998-02-01,6,Mayumi's,429.600000
1996-08-01,6,Mayumi's,382.400000
1996-10-01,6,Mayumi's,473.000000
1997-08-01,6,Mayumi's,624.300000
1998-03-01,6,Mayumi's,1584.600000
1997-03-01,6,Mayumi's,228.000000
1997-06-01,6,Mayumi's,1261.700000
1996-12-01,6,Mayumi's,1095.300000
1997-05-01,6,Mayumi's,108.000000
1998-04-01,6,Mayumi's,1146.000000
1998-05-01,6,Mayumi's,452.302500
1997-07-01,6,Mayumi's,771.325000
1998-01-01,6,Mayumi's,483.900000
1997-09-01,6,Mayumi's,1535.275000
1997-11-01,6,Mayumi's,530.812500
1997-12-01,6,Mayumi's,381.000000
1997-01-01,6,Mayumi's,1217.640000
1996-07-01,6,Mayumi's,167.400000
1997-04-01,6,Mayumi's,1864.200000
1997-07-01,16,Bigfoot Breweries,837.000000
1997-01-01,16,Bigfoot Breweries,1195.200000
1996-07-01,16,Bigfoot Breweries,288.000000
1997-02-01,16,Bigfoot Breweries,294.400000
1997-03-01,16,Bigfoot Breweries,372.400000
1996-11-01,16,Bigfoot Breweries,509.600000
1997-11-01,16,Bigfoot Breweries,924.000000
1996-10-01,16,Bigfoot Breweries,1000.800000
1996-09-01,16,Bigfoot Breweries,156.800000
1996-12-01,16,Bigfoot Breweries,1062.400000
1998-05-01,16,Bigfoot Breweries,490.000000
1997-06-01,16,Bigfoot Breweries,920.000000
1997-09-01,16,Bigfoot Breweries,350.000000
1997-12-01,16,Bigfoot Breweries,452.000000
1997-10-01,16,Bigfoot Breweries,829.900000
1997-05-01,16,Bigfoot Breweries,1157.000000
1998-02-01,16,Bigfoot Breweries,1226.000000
1998-03-01,16,Bigfoot Breweries,1924.800000
1997-04-01,16,Bigfoot Breweries,474.000000
1998-04-01,16,Bigfoot Breweries,4660.300000
1996-08-01,16,Bigfoot Breweries,1763.600000
1998-01-01,16,Bigfoot Breweries,1017.000000
1997-08-01,16,Bigfoot Breweries,486.000000
1998-05-01,3,Grandma Kelly's Homestead,927.500000
1998-01-01,3,Grandma Kelly's Homestead,1640.000000
1996-12-01,3,Grandma Kelly's Homestead,192.000000
1997-03-01,3,Grandma Kelly's Homestead,720.000000
1996-11-01,3,Grandma Kelly's Homestead,3920.000000
1997-05-01,3,Grandma Kelly's Homestead,300.000000
1997-10-01,3,Grandma Kelly's Homestead,4700.000000
1998-03-01,3,Grandma Kelly's Homestead,10010.000000
1997-12-01,3,Grandma Kelly's Homestead,2086.500000
1997-11-01,3,Grandma Kelly's Homestead,750.000000
1998-02-01,3,Grandma Kelly's Homestead,3317.500000
1997-04-01,3,Grandma Kelly's Homestead,2575.000000
1997-08-01,3,Grandma Kelly's Homestead,2800.000000
1996-10-01,3,Grandma Kelly's Homestead,120.000000
1997-02-01,3,Grandma Kelly's Homestead,364.800000
1996-07-01,3,Grandma Kelly's Homestead,360.000000
1998-04-01,3,Grandma Kelly's Homestead,4920.000000
1996-09-01,3,Grandma Kelly's Homestead,600.000000
1997-07-01,3,Grandma Kelly's Homestead,1650.000000
1998-04-01,20,Leka Trading,4526.750000
1997-04-01,20,Leka Trading,1674.350000
1998-01-01,20,Leka Trading,2806.160000
1998-02-01,20,Leka Trading,350.000000
1996-08-01,20,Leka Trading,2380.300000
1997-03-01,20,Leka Trading,1446.375000
1997-07-01,20,Leka Trading,1120.000000
1997-11-01,20,Leka Trading,703.200000
1997-08-01,20,Leka Trading,1184.500000
1996-11-01,20,Leka Trading,1234.625000
1996-10-01,20,Leka Trading,1488.000000
1997-12-01,20,Leka Trading,1641.100000
1997-05-01,20,Leka Trading,4688.000000
1997-09-01,20,Leka Trading,2357.590000
1997-06-01,20,Leka Trading,936.150000
1997-01-01,20,Leka Trading,921.600000
1996-09-01,20,Leka Trading,2150.400000
1998-03-01,20,Leka Trading,2359.770000
1998-05-01,20,Leka Trading,1407.600000
1997-10-01,20,Leka Trading,4334.675000
1996-07-01,20,Leka Trading,98.000000
1997-02-01,20,Leka Trading,2208.500000
1997-01-01,5,Cooperativa de Quesos 'Las Cabras',504.000000
1997-02-01,5,Cooperativa de Quesos 'Las Cabras',1141.440000
1997-03-01,5,Cooperativa de Quesos 'Las Cabras',441.000000
1996-11-01,5,Cooperativa de Quesos 'Las Cabras',564.480000
1997-12-01,5,Cooperativa de Quesos 'Las Cabras',1601.250000
1997-08-01,5,Cooperativa de Quesos 'Las Cabras',1372.800000
1998-04-01,5,Cooperativa de Quesos 'Las Cabras',1813.600000
1998-03-01,5,Cooperativa de Quesos 'Las Cabras',2965.750000
1996-09-01,5,Cooperativa de Quesos 'Las Cabras',201.600000
1997-10-01,5,Cooperativa de Quesos 'Las Cabras',1835.000000
1998-02-01,5,Cooperativa de Quesos 'Las Cabras',1680.000000
1997-09-01,5,Cooperativa de Quesos 'Las Cabras',3800.000000
1998-05-01,5,Cooperativa de Quesos 'Las Cabras',282.200000
1997-05-01,5,Cooperativa de Quesos 'Las Cabras',3228.750000
1997-07-01,5,Cooperativa de Quesos 'Las Cabras',294.000000
1996-10-01,5,Cooperativa de Quesos 'Las Cabras',672.000000
1997-11-01,5,Cooperativa de Quesos 'Las Cabras',105.000000
1997-06-01,5,Cooperativa de Quesos 'Las Cabras',924.000000
1996-07-01,5,Cooperativa de Quesos 'Las Cabras',514.560000
1998-01-01,5,Cooperativa de Quesos 'Las Cabras',1218.000000
1997-12-01,19,New England Seafood Cannery,708.375000
1996-07-01,19,New England Seafood Cannery,1068.025000
1997-11-01,19,New England Seafood Cannery,2091.150000
1996-08-01,19,New England Seafood Cannery,1308.300000
1998-05-01,19,New England Seafood Cannery,617.600000
1996-09-01,19,New England Seafood Cannery,753.200000
1997-01-01,19,New England Seafood Cannery,731.710000
1998-01-01,19,New England Seafood Cannery,2452.200000
1996-11-01,19,New England Seafood Cannery,158.900000
1997-07-01,19,New England Seafood Cannery,772.800000
1997-08-01,19,New England Seafood Cannery,1104.000000
1996-12-01,19,New England Seafood Cannery,55.440000
1997-10-01,19,New England Seafood Cannery,521.100000
1996-10-01,19,New England Seafood Cannery,241.780000
1997-04-01,19,New England Seafood Cannery,1405.300000
1997-02-01,19,New England Seafood Cannery,525.000000
1998-04-01,19,New England Seafood Cannery,1860.392500
1997-09-01,19,New England Seafood Cannery,4118.120000
1998-02-01,19,New England Seafood Cannery,2368.050000
1997-03-01,19,New England Seafood Cannery,896.700000
1997-05-01,19,New England Seafood Cannery,748.410000
1998-03-01,19,New England Seafood Cannery,935.105000
1997-06-01,19,New England Seafood Cannery,1149.317500
1997-04-01,15,Norske Meierier,293.200000
1998-01-01,15,Norske Meierier,1082.000000
1997-02-01,15,Norske Meierier,1442.400000
1997-01-01,15,Norske Meierier,2507.200000
1997-09-01,15,Norske Meierier,1961.800000
1996-09-01,15,Norske Meierier,748.400000
1996-08-01,15,Norske Meierier,432.000000
1997-10-01,15,Norske Meierier,3987.500000
1997-11-01,15,Norske Meierier,3879.000000
1997-03-01,15,Norske Meierier,230.400000
1998-02-01,15,Norske Meierier,3042.500000
1997-08-01,15,Norske Meierier,1823.750000
1996-12-01,15,Norske Meierier,4387.600000
1997-12-01,15,Norske Meierier,1293.200000
1997-06-01,15,Norske Meierier,386.000000
1998-03-01,15,Norske Meierier,1301.500000
1996-07-01,15,Norske Meierier,161.500000
1998-04-01,15,Norske Meierier,6554.900000
1996-11-01,15,Norske Meierier,1992.560000
1997-07-01,15,Norske Meierier,3172.250000
1997-05-01,15,Norske Meierier,1310.650000
1996-10-01,15,Norske Meierier,1151.200000
1998-02-01,9,PB Knäckebröd AB,666.000000
1997-01-01,9,PB Knäckebröd AB,432.000000
1997-02-01,9,PB Knäckebröd AB,201.600000
1998-03-01,9,PB Knäckebröd AB,495.000000
1997-03-01,9,PB Knäckebröd AB,259.200000
1998-05-01,9,PB Knäckebröd AB,18.000000
1996-07-01,9,PB Knäckebröd AB,95.760000
1996-10-01,9,PB Knäckebröd AB,288.000000
1997-07-01,9,PB Knäckebröd AB,1008.000000
1996-12-01,9,PB Knäckebröd AB,288.000000
1996-11-01,9,PB Knäckebröd AB,180.000000
1997-04-01,9,PB Knäckebröd AB,72.000000
1997-05-01,9,PB Knäckebröd AB,1210.500000
1998-04-01,9,PB Knäckebröd AB,615.000000
1998-01-01,9,PB Knäckebröd AB,2556.000000
1997-11-01,9,PB Knäckebröd AB,396.000000
1997-09-01,9,PB Knäckebröd AB,648.000000
1997-12-01,9,PB Knäckebröd AB,210.000000
1997-08-01,9,PB Knäckebröd AB,2085.000000
1997-09-01,17,Svensk Sjöföda AB,1405.500000
1998-03-01,17,Svensk Sjöföda AB,1827.750000
1998-05-01,17,Svensk Sjöföda AB,29.700000
1997-05-01,17,Svensk Sjöföda AB,3121.200000
1996-11-01,17,Svensk Sjöföda AB,288.800000
1996-08-01,17,Svensk Sjöföda AB,756.000000
1998-04-01,17,Svensk Sjöföda AB,1225.500000
1997-06-01,17,Svensk Sjöföda AB,520.000000
1997-03-01,17,Svensk Sjöföda AB,192.000000
1997-10-01,17,Svensk Sjöföda AB,1571.250000
1998-01-01,17,Svensk Sjöföda AB,1960.500000
1996-10-01,17,Svensk Sjöföda AB,1372.800000
1997-12-01,17,Svensk Sjöföda AB,570.000000
1996-12-01,17,Svensk Sjöföda AB,72.960000
1998-02-01,17,Svensk Sjöföda AB,530.000000
1997-11-01,17,Svensk Sjöföda AB,643.000000
1997-08-01,17,Svensk Sjöföda AB,731.250000
1996-09-01,17,Svensk Sjöföda AB,638.400000
1996-07-01,17,Svensk Sjöföda AB,400.800000
1997-07-01,17,Svensk Sjöföda AB,1794.250000
1997-01-01,17,Svensk Sjöföda AB,492.400000
1997-05-01,4,Tokyo Traders,62.000000
1997-12-01,4,Tokyo Traders,2074.500000
1996-11-01,4,Tokyo Traders,595.200000
1997-06-01,4,Tokyo Traders,155.000000
1996-08-01,4,Tokyo Traders,937.440000
1997-04-01,4,Tokyo Traders,1790.400000
1998-01-01,4,Tokyo Traders,4087.000000
1998-03-01,4,Tokyo Traders,2263.000000
1997-09-01,4,Tokyo Traders,4951.900000
1997-03-01,4,Tokyo Traders,599.200000
1998-04-01,4,Tokyo Traders,832.400000
1997-02-01,4,Tokyo Traders,984.000000
1996-07-01,4,Tokyo Traders,384.000000
1997-11-01,4,Tokyo Traders,50.000000
1998-05-01,4,Tokyo Traders,31.000000
1997-01-01,4,Tokyo Traders,1516.800000
1997-10-01,4,Tokyo Traders,2789.200000
1997-08-01,4,Tokyo Traders,418.500000
1998-02-01,4,Tokyo Traders,2480.000000
1997-07-01,4,Tokyo Traders,2480.000000
1996-12-01,4,Tokyo Traders,1044.800000
1997-02-01,8,Specialty Biscuits Ltd.,1127.940000
1996-12-01,8,Specialty Biscuits Ltd.,3129.600000
1996-07-01,8,Specialty Biscuits Ltd.,2702.400000
1996-09-01,8,Specialty Biscuits Ltd.,474.500000
1996-08-01,8,Specialty Biscuits Ltd.,1850.500000
1997-04-01,8,Specialty Biscuits Ltd.,3674.000000
1997-10-01,8,Specialty Biscuits Ltd.,1521.200000
1997-07-01,8,Specialty Biscuits Ltd.,1500.800000
1997-12-01,8,Specialty Biscuits Ltd.,1959.260000
1998-01-01,8,Specialty Biscuits Ltd.,1599.720000
1996-10-01,8,Specialty Biscuits Ltd.,379.350000
1998-03-01,8,Specialty Biscuits Ltd.,7812.300000
1997-01-01,8,Specialty Biscuits Ltd.,1517.650000
1997-08-01,8,Specialty Biscuits Ltd.,1698.700000
1997-03-01,8,Specialty Biscuits Ltd.,727.800000
1998-04-01,8,Specialty Biscuits Ltd.,3539.000000
1997-09-01,8,Specialty Biscuits Ltd.,2929.600000
1997-06-01,8,Specialty Biscuits Ltd.,257.600000
1996-11-01,8,Specialty Biscuits Ltd.,620.000000
1997-05-01,8,Specialty Biscuits Ltd.,2077.000000
1998-02-01,8,Specialty Biscuits Ltd.,3184.400000
1997-11-01,8,Specialty Biscuits Ltd.,740.000000
1998-05-01,8,Specialty Biscuits Ltd.,1220.660000
1998-04-01,23,Karkki Oy,3454.000000
1997-09-01,23,Karkki Oy,180.000000
1996-09-01,23,Karkki Oy,480.000000
1996-08-01,23,Karkki Oy,691.440000
1998-01-01,23,Karkki Oy,1408.500000
1997-05-01,23,Karkki Oy,1020.000000
1996-11-01,23,Karkki Oy,908.300000
1997-06-01,23,Karkki Oy,1152.000000
1998-02-01,23,Karkki Oy,1776.000000
1997-11-01,23,Karkki Oy,1842.500000
1996-07-01,23,Karkki Oy,823.600000
1997-02-01,23,Karkki Oy,505.920000
1997-08-01,23,Karkki Oy,1015.937500
1997-12-01,23,Karkki Oy,68.000000
1998-05-01,23,Karkki Oy,388.100000
1997-07-01,23,Karkki Oy,2494.600000
1997-10-01,23,Karkki Oy,805.500000
1997-03-01,23,Karkki Oy,1223.080000
1996-12-01,23,Karkki Oy,699.000000
1997-04-01,23,Karkki Oy,500.000000
1996-10-01,23,Karkki Oy,734.400000
1997-01-01,23,Karkki Oy,1873.600000
1998-03-01,23,Karkki Oy,4398.250000
1997-07-01,7,Pavlova Ltd.,7453.955000
1997-10-01,7,Pavlova Ltd.,5563.150000
1997-05-01,7,Pavlova Ltd.,4158.225000
1997-06-01,7,Pavlova Ltd.,2702.910000
1998-04-01,7,Pavlova Ltd.,6125.800000
1998-05-01,7,Pavlova Ltd.,3465.963000
1998-01-01,7,Pavlova Ltd.,7163.875000
1996-11-01,7,Pavlova Ltd.,1750.360000
1997-01-01,7,Pavlova Ltd.,5892.990000
1996-07-01,7,Pavlova Ltd.,2477.000000
1996-12-01,7,Pavlova Ltd.,1675.440000
1997-08-01,7,Pavlova Ltd.,5568.750000
1997-02-01,7,Pavlova Ltd.,1605.735000
1996-09-01,7,Pavlova Ltd.,3589.000000
1996-10-01,7,Pavlova Ltd.,8133.315000
1996-08-01,7,Pavlova Ltd.,2347.900000
1998-02-01,7,Pavlova Ltd.,5640.055000
1997-11-01,7,Pavlova Ltd.,4587.112500
1997-12-01,7,Pavlova Ltd.,8681.000000
1998-03-01,7,Pavlova Ltd.,9505.390000
1997-03-01,7,Pavlova Ltd.,2955.725000
1997-09-01,7,Pavlova Ltd.,2858.375000
1997-04-01,7,Pavlova Ltd.,2557.750000
1998-05-01,10,Refrescos Americanas LTDA,90.000000
1997-04-01,10,Refrescos Americanas LTDA,159.750000
1997-08-01,10,Refrescos Americanas LTDA,93.375000
1998-02-01,10,Refrescos Americanas LTDA,650.250000
1997-05-01,10,Refrescos Americanas LTDA,141.750000
1998-03-01,10,Refrescos Americanas LTDA,888.750000
1997-07-01,10,Refrescos Americanas LTDA,126.000000
1998-01-01,10,Refrescos Americanas LTDA,135.000000
1997-12-01,10,Refrescos Americanas LTDA,166.500000
1996-07-01,10,Refrescos Americanas LTDA,146.700000
1998-04-01,10,Refrescos Americanas LTDA,553.500000
1996-08-01,10,Refrescos Americanas LTDA,141.840000
1997-02-01,10,Refrescos Americanas LTDA,64.800000
1997-03-01,10,Refrescos Americanas LTDA,464.400000
1997-10-01,10,Refrescos Americanas LTDA,247.500000
1996-12-01,10,Refrescos Americanas LTDA,108.000000
1996-11-01,10,Refrescos Americanas LTDA,160.200000
1997-06-01,10,Refrescos Americanas LTDA,166.050000
1997-03-01,25,Ma Maison,661.080000
1998-05-01,25,Ma Maison,246.150000
1997-06-01,25,Ma Maison,980.400000
1996-08-01,25,Ma Maison,437.100000
1998-01-01,25,Ma Maison,195.562500
1997-05-01,25,Ma Maison,677.210000
1997-07-01,25,Ma Maison,906.300000
1997-09-01,25,Ma Maison,350.130000
1997-04-01,25,Ma Maison,149.000000
1998-04-01,25,Ma Maison,4184.500000
1996-12-01,25,Ma Maison,2420.600000
1996-09-01,25,Ma Maison,29.500000
1997-02-01,25,Ma Maison,3526.420000
1997-12-01,25,Ma Maison,1202.925000
1997-10-01,25,Ma Maison,1363.200000
1996-10-01,25,Ma Maison,702.900000
1998-03-01,25,Ma Maison,576.000000
1996-07-01,25,Ma Maison,342.720000
1997-11-01,25,Ma Maison,288.000000
1998-02-01,25,Ma Maison,1117.140000
1997-08-01,25,Ma Maison,497.100000
1996-11-01,25,Ma Maison,885.300000
1997-01-01,25,Ma Maison,415.400000
1998-01-01,24,G'day Mate,1753.680000
1996-08-01,24,G'day Mate,830.880000
1996-12-01,24,G'day Mate,3908.520000
1998-02-01,24,G'day Mate,297.500000
1996-10-01,24,G'day Mate,1784.960000
1997-01-01,24,G'day Mate,596.050000
1997-12-01,24,G'day Mate,9351.250000
1997-02-01,24,G'day Mate,1890.600000
1996-11-01,24,G'day Mate,848.000000
1998-04-01,24,G'day Mate,8944.050000
1998-05-01,24,G'day Mate,752.000000
1997-10-01,24,G'day Mate,5912.480000
1997-09-01,24,G'day Mate,2458.000000
1997-08-01,24,G'day Mate,2002.600000
1997-03-01,24,G'day Mate,2684.000000
1998-03-01,24,G'day Mate,5013.900000
1997-04-01,24,G'day Mate,730.800000
1997-06-01,24,G'day Mate,6827.400000
1996-07-01,24,G'day Mate,3350.400000
1997-11-01,24,G'day Mate,2231.500000
1996-09-01,24,G'day Mate,786.000000
1997-07-01,24,G'day Mate,191.800000
1997-05-01,24,G'day Mate,2480.400000
1997-07-01,29,Forêts d'érables,3452.400000
1998-02-01,29,Forêts d'érables,4167.630000
1997-06-01,29,Forêts d'érables,1491.325000
1998-01-01,29,Forêts d'érables,5471.875000
1996-12-01,29,Forêts d'érables,1182.000000
1997-04-01,29,Forêts d'érables,1202.400000
1998-04-01,29,Forêts d'érables,3793.425000
1997-01-01,29,Forêts d'érables,3319.800000
1997-05-01,29,Forêts d'érables,3735.200000
1997-02-01,29,Forêts d'érables,3693.200000
1997-12-01,29,Forêts d'érables,2578.975000
1997-11-01,29,Forêts d'érables,2435.700000
1997-10-01,29,Forêts d'érables,3779.900000
1996-09-01,29,Forêts d'érables,4826.500000
1998-03-01,29,Forêts d'érables,7821.090000
1996-07-01,29,Forêts d'érables,443.250000
1997-08-01,29,Forêts d'érables,4547.900000
1996-08-01,29,Forêts d'érables,2048.800000
1997-09-01,29,Forêts d'érables,493.000000
1996-10-01,29,Forêts d'érables,1103.200000
1997-12-01,21,Lyngbysild,243.675000
1997-10-01,21,Lyngbysild,1549.000000
1997-09-01,21,Lyngbysild,1260.000000
1997-04-01,21,Lyngbysild,291.300000
1997-11-01,21,Lyngbysild,984.200000
1998-01-01,21,Lyngbysild,693.600000
1998-05-01,21,Lyngbysild,341.280000
1997-05-01,21,Lyngbysild,807.500000
1998-03-01,21,Lyngbysild,573.000000
1996-12-01,21,Lyngbysild,765.120000
1997-03-01,21,Lyngbysild,253.200000
1997-08-01,21,Lyngbysild,434.800000
1998-02-01,21,Lyngbysild,394.500000
1997-02-01,21,Lyngbysild,307.200000
1996-08-01,21,Lyngbysild,122.400000
1997-01-01,21,Lyngbysild,206.400000
1998-04-01,21,Lyngbysild,706.000000
1996-10-01,21,Lyngbysild,288.000000
1997-10-01,11,Heli Süßwaren GmbH & Co. KG,1405.350000
1998-01-01,11,Heli Süßwaren GmbH & Co. KG,3793.386500
1997-12-01,11,Heli Süßwaren GmbH & Co. KG,2973.664000
1998-03-01,11,Heli Süßwaren GmbH & Co. KG,2906.650000
1997-05-01,11,Heli Süßwaren GmbH & Co. KG,1249.200000
1997-07-01,11,Heli Süßwaren GmbH & Co. KG,2530.722500
1996-11-01,11,Heli Süßwaren GmbH & Co. KG,1070.400000
1997-09-01,11,Heli Süßwaren GmbH & Co. KG,1264.815000
1997-04-01,11,Heli Süßwaren GmbH & Co. KG,6133.200000
1997-11-01,11,Heli Süßwaren GmbH & Co. KG,961.884000
1998-02-01,11,Heli Süßwaren GmbH & Co. KG,694.600000
1997-01-01,11,Heli Süßwaren GmbH & Co. KG,1755.450000
1998-04-01,11,Heli Süßwaren GmbH & Co. KG,2739.630000
1996-12-01,11,Heli Süßwaren GmbH & Co. KG,1366.050000
1997-03-01,11,Heli Süßwaren GmbH & Co. KG,881.400000
1996-08-01,11,Heli Süßwaren GmbH & Co. KG,394.875000
1997-08-01,11,Heli Süßwaren GmbH & Co. KG,929.092500
1996-07-01,11,Heli Süßwaren GmbH & Co. KG,877.500000
1996-10-01,11,Heli Süßwaren GmbH & Co. KG,1700.650000
1997-02-01,11,Heli Süßwaren GmbH & Co. KG,3024.900000
1998-04-01,14,Formaggi Fortini s.r.l.,4171.100000
1996-08-01,14,Formaggi Fortini s.r.l.,1487.700000
1997-06-01,14,Formaggi Fortini s.r.l.,4032.200000
1997-05-01,14,Formaggi Fortini s.r.l.,4151.175000
1997-01-01,14,Formaggi Fortini s.r.l.,140.000000
1998-05-01,14,Formaggi Fortini s.r.l.,282.000000
1997-10-01,14,Formaggi Fortini s.r.l.,1003.000000
1996-07-01,14,Formaggi Fortini s.r.l.,1136.280000
1998-01-01,14,Formaggi Fortini s.r.l.,3256.350000
1998-03-01,14,Formaggi Fortini s.r.l.,6219.675000
1996-09-01,14,Formaggi Fortini s.r.l.,1477.600000
1997-03-01,14,Formaggi Fortini s.r.l.,297.500000
1997-07-01,14,Formaggi Fortini s.r.l.,417.600000
1997-11-01,14,Formaggi Fortini s.r.l.,1917.225000
1998-02-01,14,Formaggi Fortini s.r.l.,629.500000
1997-08-01,14,Formaggi Fortini s.r.l.,2610.000000
1997-09-01,14,Formaggi Fortini s.r.l.,515.000000
1996-11-01,14,Formaggi Fortini s.r.l.,1165.000000
1996-12-01,14,Formaggi Fortini s.r.l.,3618.980000
1997-04-01,14,Formaggi Fortini s.r.l.,2165.000000
1997-12-01,14,Formaggi Fortini s.r.l.,2906.650000
1996-10-01,14,Formaggi Fortini s.r.l.,3208.630000
1997-02-01,14,Formaggi Fortini s.r.l.,1417.000000
1997-01-01,2,New Orleans Cajun Delights,336.000000
1997-05-01,2,New Orleans Cajun Delights,3125.020000
1998-03-01,2,New Orleans Cajun Delights,537.000000
1998-01-01,2,New Orleans Cajun Delights,1370.887500
1996-11-01,2,New Orleans Cajun Delights,1111.600000
1998-04-01,2,New Orleans Cajun Delights,2829.425000
1997-04-01,2,New Orleans Cajun Delights,2526.150000
1997-06-01,2,New Orleans Cajun Delights,599.925000
1997-11-01,2,New Orleans Cajun Delights,1591.975000
1996-12-01,2,New Orleans Cajun Delights,846.400000
1998-02-01,2,New Orleans Cajun Delights,1807.467500
1997-09-01,2,New Orleans Cajun Delights,1037.087500
1997-10-01,2,New Orleans Cajun Delights,1517.237500
1997-02-01,2,New Orleans Cajun Delights,1827.360000
1996-08-01,2,New Orleans Cajun Delights,340.000000
1998-05-01,2,New Orleans Cajun Delights,39.000000
1997-12-01,2,New Orleans Cajun Delights,2407.700000
1997-07-01,2,New Orleans Cajun Delights,554.080000
1996-07-01,2,New Orleans Cajun Delights,1597.400000
1997-08-01,2,New Orleans Cajun Delights,1478.275000
1996-09-01,2,New Orleans Cajun Delights,1213.600000
1996-10-01,2,New Orleans Cajun Delights,1555.520000
1997-03-01,2,New Orleans Cajun Delights,918.880000
1997-01-01,18,Aux joyeux ecclésiastiques,18803.360000
1996-09-01,18,Aux joyeux ecclésiastiques,1252.800000
1997-08-01,18,Aux joyeux ecclésiastiques,643.500000
1996-10-01,18,Aux joyeux ecclésiastiques,4062.800000
1996-07-01,18,Aux joyeux ecclésiastiques,691.200000
1998-03-01,18,Aux joyeux ecclésiastiques,17667.500000
1996-11-01,18,Aux joyeux ecclésiastiques,15857.040000
1997-12-01,18,Aux joyeux ecclésiastiques,6377.100000
1998-05-01,18,Aux joyeux ecclésiastiques,394.200000
1997-09-01,18,Aux joyeux ecclésiastiques,3924.450000
1996-12-01,18,Aux joyeux ecclésiastiques,6568.800000
1997-04-01,18,Aux joyeux ecclésiastiques,4132.500000
1997-02-01,18,Aux joyeux ecclésiastiques,374.400000
1998-02-01,18,Aux joyeux ecclésiastiques,27859.900000
1997-03-01,18,Aux joyeux ecclésiastiques,6540.000000
1997-05-01,18,Aux joyeux ecclésiastiques,8853.600000
1998-01-01,18,Aux joyeux ecclésiastiques,19075.750000
1998-04-01,18,Aux joyeux ecclésiastiques,6587.500000
1997-06-01,18,Aux joyeux ecclésiastiques,180.000000
1997-07-01,18,Aux joyeux ecclésiastiques,3844.875000
